supplier_id,supplier_name,contact_person,email,phone,address,city,state,country,payment_terms,rating,created_at
10001,Rodriguez Figueroa and Sanchez,Brian Yang,garzaanthony@robinson.org,2834863794,4235 Christopher Court Suite 594,Lake Stephenville,MS,USA,Net 30,4.4,2021-05-16 07:08:00
10002,Arnold Ltd,Shannon Ray,williamsjeremy@galloway-wyatt.com,(547)452-5534x1928,4835 Jeremy Bypass Suite 641,New Nancy,MD,USA,2/10 Net 30,4.4,2020-06-27 18:27:00
10003,Rios Group,Maria Thomas,johnhoffman@burgess-patterson.org,(353)828-7101x2269,784 Erin Crescent Suite 514,Mooretown,VA,China,Net 30,2.7,2021-04-21 16:38:00
10004,Baker Mason and White,Sheila Evans,ericfarmer@ashley.org,470-415-4303x91171,248 Brandt Plains Apt. 465,Lammouth,DE,China,COD,3.0,2022-05-09 07:28:00
10005,Walker LLC,Julian Chapman,jonescrystal@jones.com,983-547-3829,3116 Henderson Mountain Apt. 106,Laurenville,IA,Bangladesh,Net 15,4.5,2020-01-14 05:44:00
10006,Lee Group,Clifford Ford,ramosmichelle@garcia.com,432-867-7360,4746 Moore Hill,North Beth,ND,India,Net 15,3.2,2021-03-16 10:06:00
10007,Adkins Inc,John Calhoun,brianromero@jones.com,(719)639-9091x6998,534 Anderson Rue,Stephenland,AL,USA,Net 45,2.7,2021-12-05 19:16:00
10008,Howell-Hart,Joshua Wagner,sarahibarra@wood.info,+1-649-380-8412,824 Jacobs Stravenue,Jamesview,NY,China,2/10 Net 30,3.6,2020-09-12 12:05:00
10009,King-Odonnell,Mark Calderon,smithkellie@whitney.biz,+1-401-812-8059,45053 Elizabeth Knoll,Dicksonberg,IA,Mexico,Net 15,4.6,2022-01-10 18:12:00
10010,Cherry and Sons,Allison Doyle,kimberly63@moore-haynes.biz,2735375433,4145 Frazier Ville Suite 014,New Sydney,KS,USA,Net 30,4.2,2021-08-15 02:54:00
10011,Rodriguez Group,Richard Graham,cruzbarbara@williams-graham.net,+1-635-661-5951,6482 Robert Light Apt. 994,Kelleytown,ME,Japan,Net 30,3.5,2022-07-17 20:53:00
10012,Clark-Floyd,Erica Ramos,williamleon@jackson.org,813-543-3200x37917,6320 Kimberly Forges Apt. 870,Port David,DC,Taiwan,Net 60,3.4,2021-03-05 21:17:00
10013,Contreras-Travis,Tiffany Vance,jrivas@merritt-manning.info,643.748.7347x143,122 Patrick Drives Apt. 166,Amychester,AR,USA,COD,4.1,2022-12-29 23:15:00
10014,Wall Group,Lauren Dominguez,wwoods@molina-castaneda.biz,+1-289-837-3467,627 Tina Place Apt. 699,North Dawnberg,VI,Germany,Net 45,3.4,2021-03-25 21:20:00
10015,White-Green,Jesse Rogers,aramirez@conley-ruiz.net,4535100330,1937 Wang Expressway,Port Loriport,CT,China,Net 60,4.6,2021-10-08 12:17:00
10016,Johnson Collins and Byrd,Jennifer Espinoza,vargasmaria@garcia.org,790-258-6518,1657 Ryan Street Suite 987,Grahamshire,KY,USA,Net 60,4.8,2021-10-06 06:41:00
10017,Christian-Rivas,Stephen Sanchez,qhudson@rogers-snyder.com,(273)554-5494,67837 West Brook,West Jeffreybury,ME,Vietnam,Net 45,4.7,2022-07-28 04:16:00
10018,Perkins Kennedy and Schmidt,Patrick Rivera,qnelson@martinez.com,682-333-7498,3524 Jean Crossroad,Brandonton,OH,Germany,Net 60,4.4,2021-06-22 23:37:00
10019,Terry-Martinez,Katherine Salas,taylor75@sheppard.info,616-371-9022,86999 Kimberly Light,Kerrport,VI,India,COD,3.5,2021-03-25 04:32:00
10020,Branch Torres and Oliver,Natalie Meza,colleenbaker@moore.net,520-667-9740,713 French Road Apt. 618,Lake Edward,KY,Vietnam,Net 30,4.4,2020-08-12 04:40:00
10021,Jones and Sons,Linda Holloway,scott74@powell.info,590-265-9401,027 Moon Falls Suite 717,Rickymouth,TN,Germany,2/10 Net 30,3.6,2020-05-10 12:24:00
10022,Hodge LLC,Jon Bates,jcervantes@gibson.com,916-280-8760x38597,8247 Martinez Roads,Lake Eric,OH,Bangladesh,Net 45,3.8,2020-01-24 21:46:00
10023,Tran Inc,Ryan Wilson,hollanderic@carter.info,737.682.6398x2146,4997 Sean Orchard,Martinside,MS,USA,2/10 Net 30,4.7,2021-06-30 20:21:00
10024,Cantu-Kane,Mrs. Janet Chase,vwilliams@thornton-shepherd.biz,+1-427-802-8951x7187,74596 Melissa Walk,Finleyfort,VI,USA,Net 15,3.6,2022-07-18 00:46:00
10025,Johnson Jones and Welch,Yolanda Francis,wgood@padilla.com,5058045562,21969 Tyler Prairie,East Steven,KS,South Korea,COD,4.4,2022-11-05 03:55:00
10026,Scott-Smith,Stephanie Byrd,charleslandry@evans.info,836-671-3695x9440,097 Parsons Forks,Jefferyborough,RI,South Korea,2/10 Net 30,3.8,2021-02-11 04:23:00
10027,Byrd-Le,Sara Fuller,parkerscott@diaz.com,001-662-732-8588x424,1236 Davis Locks,West Amandamouth,MN,Germany,COD,4.9,2022-12-22 00:38:00
10028,Curry Baker and James,Jacqueline Leonard,jjohnson@herman-walker.com,+1-474-861-2004x7113,8692 Pena Village Suite 964,Lake Mitchellmouth,NV,Taiwan,Net 45,2.5,2022-01-13 09:15:00
10029,Foley Inc,Mrs. Stephanie Newman,sandersjames@rush.com,+1-539-500-5329x3183,90422 Lindsey Creek Apt. 205,New Mario,HI,China,Net 60,4.7,2020-06-10 02:46:00
10030,Williams-Harmon,Nichole Alvarez,william17@walker.net,470-307-6617x7115,9985 Vang Pines,Shawnchester,CT,Vietnam,Net 30,4.9,2022-12-26 04:08:00
10031,Wilson Pena and Rich,Sharon Jordan,robertwilcox@perry-davis.biz,245-727-1111x61528,5604 Bell Ports,East Diane,IN,Vietnam,COD,2.9,2022-12-16 19:27:00
10032,Bell PLC,Phillip Andrews,xbruce@austin.com,8243455022,018 Nicholas Motorway,Ericport,VA,Japan,COD,4.4,2021-02-15 22:19:00
10033,Frank-Bradley,Anthony Moore,craigjoseph@coleman.com,001-281-256-1497x840,3244 Wilson Parks,Thompsonfurt,ND,India,2/10 Net 30,4.1,2022-06-16 16:28:00
10034,Hall Hansen and Barnett,James Harmon,esmith@johnston-berry.biz,816-805-2975x1613,4535 Charles Roads,New Williamstad,MI,USA,Net 60,3.1,2021-11-23 00:37:00
10035,Mullen Brewer and Hernandez,David Thompson,kathleenrios@bean.info,999.679.9552x717,058 Lance Mission Apt. 054,Lake Michelleland,RI,Mexico,Net 60,4.0,2020-01-15 02:45:00
10036,Hunter Ford and Spencer,Stephanie Cole,marcalvarez@rosario.com,618-820-3778x89255,9051 Davis Springs Suite 449,West Christopher,TN,China,Net 60,2.7,2020-03-05 10:04:00
10037,Rangel LLC,Melissa Myers,collinsnicholas@li-santiago.net,768-950-5423,22141 Ebony Wells,New Nicholas,GA,Mexico,Net 60,3.2,2022-09-21 06:34:00
10038,Guerra PLC,Carol Kim,udiaz@montes.com,001-873-483-4735x977,240 Sawyer Plaza,Lake Meghanville,LA,Germany,2/10 Net 30,4.8,2022-08-26 07:50:00
10039,Hines LLC,Jose Guerra,pottsjeffrey@wilkerson-arias.biz,2687536153,522 Justin Village,Hortonberg,WV,Vietnam,Net 45,3.0,2020-07-17 21:27:00
10040,Harrison Gilbert and Bullock,Daniel Hernandez,srodriguez@turner.com,(897)211-7980x89324,96218 Jones Pine Apt. 670,Zavalaview,WA,Taiwan,Net 45,3.5,2020-04-20 21:41:00
10041,Kelly Inc,Nicholas Fuller,dennis58@li-thompson.info,001-772-621-7043x030,740 Justin Wall Apt. 541,Samuelfurt,WA,USA,Net 30,3.5,2021-11-25 03:15:00
10042,Kline-Hughes,Kathleen Jimenez,laurie61@morrison-short.net,951-215-4479x6275,640 Emily Lodge Suite 820,Port Cathy,WY,Japan,Net 60,3.8,2020-10-14 13:11:00
10043,Johnson-Jones,Holly Reyes,jacobserika@watson-hines.org,(485)965-4310,144 Lewis Ridge Suite 731,Port Charles,HI,South Korea,Net 45,3.1,2020-06-03 14:51:00
10044,Wallace Miller and Fleming,Emma Reed,piercekelly@york-joseph.com,(783)913-2370x589,114 Key Stravenue,Foxchester,GU,Mexico,Net 30,2.6,2020-01-31 02:59:00
10045,Jones Compton and Day,Michael Cooper,katrinaanderson@bartlett.com,422-653-5841x4384,299 George Road,Meganshire,AZ,Japan,Net 60,3.5,2022-09-12 06:55:00
10046,Miller Ltd,Deborah Clark,bmontgomery@small-gardner.com,736.447.1027x6773,556 Kathleen Passage Apt. 537,West Shannonberg,CT,India,Net 30,2.9,2020-01-05 12:16:00
10047,Roberts Group,Jennifer Estes,lisapeck@edwards.net,774.270.1687x339,7974 Melanie Meadows,West Jessica,WV,Vietnam,Net 15,3.6,2022-09-23 04:12:00
10048,Diaz-Morales,Chloe Tran,hughesshannon@ramirez.com,(816)255-8523,25787 Catherine Passage,West Sarah,MD,South Korea,Net 60,4.9,2020-05-04 23:20:00
10049,Long PLC,Elizabeth Rogers,terickson@cabrera-richardson.com,(894)409-7499x30972,91307 Barnes Loop,South Warren,RI,China,Net 30,4.0,2022-10-26 16:10:00
10050,Salas-Fitzgerald,Charles Clark,whitney78@edwards-thompson.net,585-949-7334x84344,5844 Ashley Plains Suite 652,Bobbyland,MI,China,COD,2.7,2021-01-15 02:38:00
10051,Douglas-Burgess,Ronald Nelson,derrick99@sanchez.net,230.416.5712,773 Morris Rue Apt. 193,East Robertburgh,PW,USA,2/10 Net 30,4.7,2022-04-06 03:56:00
10052,Osborn Group,Charlotte Curry,nancy04@morrison.info,+1-688-472-8743x1527,549 Gregory Walks,Wilcoxhaven,MD,Bangladesh,Net 60,3.9,2020-03-22 19:05:00
10053,Morales Inc,Charles Morris,adamreyes@molina-finley.com,001-690-445-3017,841 Richardson Forges Apt. 272,Adkinsstad,MT,India,2/10 Net 30,4.0,2022-12-06 10:59:00
10054,Dunn Ruiz and Medina,Colleen Wright,foxallison@miller-elliott.com,+1-983-398-2258,971 Stokes Motorway,New Robert,OK,South Korea,Net 60,4.2,2021-10-05 07:16:00
10055,Hansen Ltd,Miranda Foster,reesebeth@henderson.com,+1-801-770-4622,6618 Desiree Keys Apt. 286,Lake Tiffany,MP,India,Net 60,4.2,2021-09-06 14:20:00
10056,Avila LLC,Nathan Coleman,pmorrow@reed-hill.com,2699033119,06738 Karen Trail,East Williamport,IN,USA,Net 30,3.6,2020-07-23 02:34:00
10057,Johnston Ray and Barton,Cynthia Walter,roberthill@fry.biz,+1-470-656-8566,87334 Linda Centers Suite 688,South John,IL,Japan,COD,3.2,2021-12-15 02:56:00
10058,Lucas-Nielsen,Anna Hardy,brettbennett@morrison.org,001-583-873-5403x317,546 Ferguson Knolls,Josehaven,FM,Japan,Net 15,3.2,2022-06-16 17:45:00
10059,Owens-Lang,Pamela Flores,nathangutierrez@shields.net,001-596-942-3536,7772 Jackson Stravenue Suite 280,Port Melanieton,WV,South Korea,COD,5.0,2022-12-19 00:42:00
10060,Gutierrez Ltd,Michael Smith,nbrooks@estrada.info,6082860084,11823 Christine Glen Suite 461,Susanmouth,OK,Mexico,Net 15,4.8,2020-07-31 04:16:00
10061,Branch and Sons,Ronald Miller,davisnicholas@alvarez.com,365.691.8033x9740,50392 Hickman Hills,New John,MP,USA,Net 30,4.4,2020-11-14 08:18:00
10062,Rhodes-Fernandez,Patrick Gibbs,masonterri@davis.com,899-496-5047x73586,94311 Moore Station Apt. 655,North Adamport,NV,Bangladesh,Net 60,4.3,2021-02-20 21:40:00
10063,Juarez-Garcia,Jeffrey Hawkins,fgarcia@spencer-carlson.com,(404)666-1839x8262,7212 Hill Hills Suite 154,Lake Colleen,PA,South Korea,COD,3.7,2020-04-14 02:40:00
10064,Gonzalez Rodriguez and Torres,Evelyn Oliver,scott69@evans.com,752.365.4793x5646,828 Stephanie Mountain,South Lauren,MP,India,Net 15,2.6,2021-11-14 04:40:00
10065,Jones Abbott and Pope,Brenda Turner,donna66@cole.info,001-368-386-8058,529 Anna Rue,Rasmussenmouth,WY,South Korea,Net 60,4.4,2022-05-25 17:00:00
10066,Rodriguez-Garcia,Paul Grant,seanmyers@chapman.com,914.761.1254x5738,77514 Lisa Crescent Apt. 512,New Greg,GA,USA,Net 30,4.9,2020-11-01 17:02:00
10067,Castro-Mullen,Jared Lopez,vfoster@ware.com,001-933-341-9182x553,785 Carr Radial Apt. 557,Port Emily,AS,Taiwan,COD,3.9,2022-05-30 04:02:00
10068,Sellers-Lawrence,Emily Allen,whiteheather@price.biz,(478)728-2742,050 Taylor Via Suite 887,Cohenchester,VT,South Korea,Net 15,4.7,2020-03-22 11:13:00
10069,Burns-Miller,Philip Carter,jeffrey42@cunningham-barton.info,+1-281-991-4858,1340 Baker Wall,South Michelleville,WI,Japan,2/10 Net 30,2.8,2022-04-12 19:47:00
10070,Clark Ltd,Heather Page,imartin@li.org,(384)498-2544x948,42232 Poole Trace Suite 729,Courtneyfurt,NV,Germany,Net 60,4.7,2020-12-28 13:01:00
10071,Schultz Inc,Paul Neal,shawn75@smith.info,+1-451-986-3637x4545,001 Smith Walks Apt. 770,Harrisberg,FM,Germany,2/10 Net 30,4.8,2022-04-23 21:55:00
10072,Turner Baxter and Mcdowell,Isaac Miller,brettgarrett@lyons.com,2372129387,62713 Davis Valley Apt. 155,Derrickberg,SD,Japan,Net 15,2.9,2020-08-09 12:55:00
10073,Thomas Moreno and Smith,Jessica Bowen,samanthajensen@heath-miller.com,(619)365-6523,999 Maxwell Spurs,Port Melanieport,IL,China,Net 45,3.1,2022-07-31 11:19:00
10074,Lawson Lopez and Myers,Rachel Leon,troyrodriguez@little-jones.com,(352)269-6582x710,00684 Henderson Locks Apt. 889,West Christopher,CO,Japan,Net 60,2.6,2021-01-30 12:21:00
10075,Mccall Mccann and Moore,Kevin Hines,collinssamuel@brown.biz,479-290-4210,5884 Nathan Summit,Jessicaville,WI,South Korea,Net 30,4.9,2021-07-25 11:41:00
10076,Rogers Group,Austin Joseph,crawfordwilliam@porter.com,(224)919-1380x003,2208 Walker Gateway Suite 541,Davidton,HI,Mexico,Net 45,4.2,2021-11-09 00:07:00
10077,Brock Inc,Andrea Marshall,kiara45@tran.com,949.549.3759,06038 Fields Square,West Aaronfurt,PR,South Korea,Net 60,4.0,2021-06-27 01:06:00
10078,Acosta Garcia and Moreno,Johnathan Brown,jenniferdavis@merritt.biz,001-257-819-1826x199,44565 Chavez Fort,East Derekshire,CT,Bangladesh,Net 45,3.4,2021-10-04 13:38:00
10079,Garcia Group,Jason Herrera,shannonford@davis.com,001-690-635-2135x680,67883 Steven Unions,North Alexander,MP,Mexico,Net 30,3.5,2021-01-24 08:02:00
10080,Anderson Group,Mark Newman,samantha10@gonzalez.info,(815)810-7029,66253 Joshua Mission Apt. 099,Lake Kenneth,MT,India,Net 30,3.8,2021-02-07 11:27:00
10081,Mendoza Miller and Reyes,Marvin Robles,crystalpham@mayo.com,587.259.8564x2059,78593 Craig Shoals Apt. 480,New Meghan,AS,USA,2/10 Net 30,4.8,2021-10-04 21:54:00
10082,Kelly-Combs,Casey Watkins,robin05@elliott.info,+1-542-270-1039,59325 Samantha Vista Suite 002,Port Daniel,NC,USA,2/10 Net 30,4.8,2022-11-04 09:42:00
10083,Yu-Brooks,Jennifer Garcia,marcus26@yu.net,001-895-239-2644x220,593 Sharon Divide,Juliebury,MI,India,Net 15,3.5,2021-08-28 17:08:00
10084,Jackson-Mcclure,Michael Fowler,sean43@steele.com,800-767-6267,79327 Lauren Bypass Suite 054,North Matthewfurt,GA,Japan,Net 45,4.2,2022-02-15 21:47:00
10085,Jones Mcmahon and Spence,William Barry,reynoldsdesiree@preston.com,268.884.4431,05061 Colon Road Suite 310,East Danielle,CO,Germany,COD,3.9,2022-04-11 17:53:00
10086,Anthony-Parker,John Guerrero,maypaul@mcclure-wood.info,4473743490,586 Angela Ville,Cardenaschester,ND,China,Net 15,3.2,2022-05-30 18:38:00
10087,Camacho Wells and Keith,Blake Orr,shawrachel@byrd.info,(523)432-0616,1168 Arnold Walks Suite 870,Rodriguezberg,FL,Taiwan,Net 45,3.6,2021-03-13 16:30:00
10088,Matthews Chang and Ayers,Kristine Garcia,mikayla56@reyes-washington.org,202.946.2996x0653,0544 Cameron Walks Apt. 324,Schroedermouth,KY,Germany,2/10 Net 30,2.7,2022-11-21 21:40:00
10089,Butler Brewer and Lopez,Rodney Figueroa,lori82@collins.biz,(289)902-3303,3457 Reid Crossing,East Nathanmouth,HI,Bangladesh,Net 15,2.7,2021-04-26 21:19:00
10090,Matthews-Bailey,Steven Curry,mitchellpaul@nash.com,+1-533-646-8007x2290,466 Stevens Forge Suite 489,Silvatown,NY,Japan,Net 60,2.9,2020-04-04 07:30:00
10091,Levy Franco and Hoffman,Diane Cohen,rbrown@nguyen.com,228.930.9652,6660 Matthew Station Apt. 875,Meganside,HI,Bangladesh,Net 30,3.6,2021-02-02 22:44:00
10092,Davis-Anderson,Robert Hines,staceylam@davis.com,(955)549-4717x09991,684 Brown Walk,East Victoria,MA,India,Net 45,3.5,2020-10-29 20:44:00
10093,Benitez-Orozco,Mrs. Shannon White,freemancrystal@edwards.com,843.829.2712x966,0083 Dodson Islands Apt. 003,Lake Natalie,ME,China,Net 30,4.4,2021-03-24 05:51:00
10094,Garcia PLC,Carol Colon,stacy78@warren.com,475-332-6033x23098,064 Brittney Causeway Apt. 001,Wallaceville,OH,Mexico,Net 45,2.6,2021-05-25 03:29:00
10095,Wells-Hernandez,Lorraine Turner,batesjoseph@haynes.net,001-791-841-1739x348,08737 Young Bridge Apt. 197,North Kimberly,CA,Germany,Net 45,4.2,2021-10-11 14:39:00
10096,Cummings Conway and Newman,William Baker,garciagregg@phelps.com,(711)400-2255x79415,6746 Marsh Run,North David,VA,Mexico,Net 45,4.6,2022-07-02 05:47:00
10097,Jarvis and Sons,Thomas Webb,ywhite@carr-huffman.com,571.767.0145x0899,3756 Mary Point,North Dawnburgh,NY,Vietnam,Net 45,3.1,2021-05-21 20:17:00
10098,Christian-Booth,John Allen,brent38@gray.info,001-371-877-5170,88019 Wu Points Apt. 755,Port Jeffreymouth,MA,Mexico,Net 45,4.1,2021-07-16 14:04:00
10099,Saunders Greene and Moran,Jesse Davis,aaronkelly@brandt.com,5273261493,73516 Sara Villages Apt. 779,South Adam,WA,South Korea,Net 60,3.2,2021-10-16 17:05:00
10100,Tran Group,Karen Romero,heatherthompson@garcia.org,+1-458-466-9346x547,848 Joseph Plaza Apt. 339,Glendaberg,VT,Germany,Net 60,3.1,2020-11-08 22:13:00
10101,Hester Thompson and Daniels,Michelle Hodges,qaguilar@butler.com,(408)210-6200x34244,80571 Julia Points Suite 384,South Paulmouth,OH,USA,Net 45,3.5,2022-08-12 13:03:00
10102,Smith LLC,Sean Dalton,ogreer@mckinney.org,334.872.1228,4842 Brandy Glens,West Stevenberg,AZ,Japan,Net 45,3.5,2020-02-10 18:24:00
10103,Mcfarland PLC,Timothy Gilbert,tracy98@jones-zimmerman.net,828.318.2688,35554 Stephanie River Suite 801,Seanbury,AZ,Vietnam,Net 30,4.9,2021-09-03 12:54:00
10104,Blackwell James and Hogan,David Ramsey,pruittlynn@robertson-hicks.info,2433581128,361 Amanda Squares,Lucasland,WA,India,COD,4.4,2021-03-27 15:14:00
10105,Hernandez Stevens and Rivera,Anthony Bauer,andrewsjeremy@russell-hayes.biz,(350)661-8091x90158,147 Foster Shore Apt. 728,East Julie,WY,South Korea,Net 45,3.7,2022-03-07 10:42:00
10106,Phillips Walters and Evans,Traci Camacho,susan08@thomas.biz,+1-481-443-5368,94312 Melissa Plaza,Newmanland,LA,India,2/10 Net 30,2.9,2022-08-15 04:39:00
10107,Jones Garcia and Swanson,Mr. Carl Rios,mitchellchad@stewart.com,+1-549-529-9556x205,5257 Griffin Trail Suite 781,Lake Catherine,MP,Mexico,Net 30,4.8,2020-02-25 02:41:00
10108,Trevino-Taylor,Deborah Mercado,lunapatricia@welch.org,808.548.8725,78816 Shaw Shore Apt. 928,South Erik,OK,India,Net 60,4.7,2021-01-07 01:16:00
10109,Hopkins Faulkner and Fitzgerald,Mr. Daniel Freeman,bakerjim@clark.info,800.851.8449x892,184 Kaufman Fork Suite 557,Eatontown,NY,India,Net 15,3.0,2021-10-31 10:48:00
10110,Gonzales and Sons,Mason Lewis,ericguzman@guerrero.com,001-417-477-3926x030,202 Nielsen Path,Greeneshire,SC,India,Net 15,4.4,2022-05-13 08:53:00
10111,Johns Ltd,Diane Miller,eobrien@jackson-greer.org,(392)598-4257,2103 Serrano Rest Apt. 279,Port Amandaville,CO,USA,Net 45,2.5,2020-04-16 11:14:00
10112,Hopkins-Winters,April Pace,xboyd@wolfe.com,865.699.1624x7314,09818 Nicholas Ford,Robertville,FL,USA,2/10 Net 30,2.6,2020-03-04 07:12:00
10113,Pearson-King,Jessica Diaz,victoria63@arnold-grant.com,(988)474-4956x213,86589 Eugene Roads,Port Christopherberg,NJ,China,COD,2.9,2020-09-15 15:42:00
10114,Graham Brown and Walker,Andrew Cruz,hmendez@dawson-harper.com,+1-477-203-8430x9883,02146 Caldwell Lodge Apt. 801,New Justinside,PW,USA,COD,4.9,2022-08-10 22:16:00
10115,Bailey Richmond and Hill,Cheyenne Spears,greenrichard@hansen.com,918-248-9476x97357,41633 Gutierrez Knoll Apt. 434,South Emilymouth,CA,Taiwan,Net 60,4.0,2020-08-22 05:19:00
10116,Velazquez Woods and Gomez,Debra Valentine,victorgonzalez@allen.com,+1-752-711-1790x807,472 Sanders Terrace Apt. 086,Ayerston,NY,USA,COD,2.6,2021-09-30 18:43:00
10117,Long-Parks,William Wolfe,astewart@craig.org,655-994-2843,2763 Haynes Landing Suite 647,New David,OK,India,Net 45,4.9,2021-02-10 02:37:00
10118,Perez Garcia and Nelson,Jeffrey James,laurenrodgers@shaffer-thompson.info,(288)857-4489,203 Woods Roads,South Julieview,MN,Japan,Net 30,4.2,2021-09-09 21:38:00
10119,Castro-Frederick,Alejandro Martinez,barbarasantos@thompson.net,871.369.4722x5699,53554 Jacobs Locks,Pamstad,WA,USA,COD,4.5,2021-12-12 17:27:00
10120,Meyer Cole and Jackson,Beth Young,shelby13@sanders.com,680.506.8114x9216,472 Alison Extension,North Elizabethmouth,VI,Taiwan,Net 30,3.8,2021-11-29 00:54:00
10121,Mcdonald-Pitts,Kimberly Taylor,brittanybryant@fields.net,257-283-1745x6424,4780 Arroyo Neck,Albertchester,AS,India,Net 45,2.8,2022-01-11 20:57:00
10122,Harper-Robles,Chelsea Khan,kfoster@mclaughlin.com,863-589-4484,24179 Nelson Road,Lopeztown,FL,Vietnam,2/10 Net 30,2.9,2020-12-26 23:33:00
10123,Booker Inc,Brian Adams,oacosta@hernandez.com,964-475-7051x20461,6013 Wise Mills,Lake Virginia,ID,South Korea,COD,4.5,2022-09-17 14:27:00
10124,Moss-Davis,Christine Price,sharon20@pineda.com,450.631.3650,3009 Barker Drives,Kellibury,GA,Bangladesh,Net 15,3.3,2021-05-17 02:17:00
10125,Davis-Montgomery,Yolanda Garrett,kellyeric@moody.net,+1-657-930-6524x0778,285 Oconnor Harbor,North Amanda,NV,Vietnam,Net 60,4.4,2022-02-15 10:01:00
10126,Weiss-Weaver,Ricardo Hunter,nicoleharvey@parsons-allen.com,+1-386-338-7829x4565,20317 Corey Ports,Barretthaven,RI,Vietnam,Net 15,3.0,2021-03-10 11:51:00
10127,Garza Williams and Walker,Alexis Mccall,fhebert@owen-brown.net,001-365-309-4801x413,633 Ashley Fall,Reeseshire,MI,South Korea,Net 15,3.2,2021-07-19 17:00:00
10128,Ellis Ortega and Andrade,Christopher Morales,diane89@mahoney-orr.net,956-965-9398x36845,04908 Victoria Hollow Apt. 433,Andrewview,PW,Mexico,Net 60,2.7,2022-04-12 15:35:00
10129,Dixon Duncan and Duncan,Joe Moore,michael93@scott.com,001-369-631-5727,961 Sandra Isle,Nicholechester,MT,Japan,2/10 Net 30,3.7,2022-10-02 14:50:00
10130,Kane and Sons,Sarah Mcfarland,hbrown@flores.com,883-420-6799x81364,1790 Baker Locks,Ayalaberg,WV,China,Net 30,3.2,2022-04-08 22:15:00
10131,Castillo and Sons,Matthew Gonzalez DDS,johnadams@morris-glass.com,266-655-3559,9792 Williams Viaduct,East Gina,FL,South Korea,2/10 Net 30,4.0,2022-08-27 17:33:00
10132,Farrell Rodriguez and Brown,Tammy Melton,alexander14@ruiz-rivera.net,238.884.8792,2043 Brown Shoal,North Paulview,TN,Taiwan,Net 45,5.0,2021-11-08 11:44:00
10133,Ward Rodriguez and Carter,Jasmine Whitney,mckeetodd@schmidt.info,+1-400-238-4576,554 Wendy Parkway Suite 046,New Stacybury,FL,Vietnam,Net 15,3.3,2021-04-17 03:46:00
10134,Prince-Sandoval,James Yu,robertberry@waller-browning.com,882.432.9832x482,1881 Lonnie Drive,Port Lucaschester,MT,Japan,Net 15,2.8,2021-01-14 06:13:00
10135,Ramos-Peck,Taylor Hill,daniellopez@jensen.org,930.751.7289,7722 Jeremy Lodge,West Stephaniebury,WA,Vietnam,Net 15,4.3,2022-12-10 19:18:00
10136,Mcneil Todd and Jones,Victoria Camacho,dwatts@patterson.org,001-965-269-9988x081,860 Black Roads,East Kellyfurt,FM,USA,Net 60,3.2,2022-01-09 05:19:00
10137,Ayala-Mitchell,Edward Ellison,stevenlucas@sharp.com,001-398-626-6570x279,211 Jasmin Roads Suite 186,South Andrea,AZ,China,2/10 Net 30,3.8,2021-07-15 01:03:00
10138,Barr PLC,Shari Martin,haroldjoseph@parker-cross.info,221-923-0940x7778,97767 Carolyn Avenue,New Joshua,SC,Mexico,Net 15,4.2,2020-09-15 20:55:00
10139,Wilkins Clark and Lopez,Gregory Thomas,estradamary@rivera-miller.com,(622)749-9982x79501,1681 Ruiz Crossing Suite 586,Lake Jason,AR,Vietnam,Net 30,4.7,2021-08-05 15:30:00
10140,Duncan Ltd,Anita Ramsey,ronald54@andrews.org,001-578-277-2934,71396 Williams Keys,North Danielle,UT,Vietnam,Net 15,3.0,2020-04-15 08:55:00
10141,King-Jones,Joshua Wang,jenningsmatthew@carroll.com,657-770-2727x85760,95512 Pittman Junction,Simsburgh,OK,Vietnam,Net 30,4.6,2022-03-31 15:04:00
10142,Price Larson and Hancock,Michele Edwards,nelsonchristopher@watson.com,542.715.0317x80782,845 Kayla Courts Apt. 307,Reeveshaven,DE,Bangladesh,2/10 Net 30,4.2,2020-11-06 04:51:00
10143,Collins Inc,Linda Miller,gsmall@miranda.com,+1-435-633-4485x7142,98813 Dunn Groves,Lake Linda,OK,Bangladesh,Net 15,2.7,2021-05-23 03:35:00
10144,Jackson LLC,Gina Wallace,anthonyberger@rodriguez.com,(462)399-7954x53817,74773 Douglas Ridges Suite 562,Kristinamouth,NH,India,COD,4.0,2021-04-07 16:24:00
10145,Johnson-Alvarez,Joel Jackson,cassandra28@sullivan.com,981-848-7696x39382,3966 Stephens Freeway,Lake Elizabeth,WA,Vietnam,Net 45,3.2,2022-05-28 09:36:00
10146,Andrews Tucker and Vargas,Justin Short,kylesullivan@rodriguez.biz,970-513-2902x27846,549 Sellers Mews,Veronicashire,AL,Bangladesh,Net 30,4.0,2020-07-22 06:40:00
10147,Downs Powell and Anderson,Jacob Dunn,smithann@rodriguez-campbell.com,569.465.6666,38656 Keith Well Apt. 201,East Jenniferfort,TN,Japan,Net 15,4.2,2020-11-17 07:11:00
10148,Proctor-Taylor,Robert Dalton,dhanson@coleman.com,(869)709-7384,97519 Nixon Common,Lake Jessica,PR,Mexico,Net 30,2.9,2022-04-16 14:44:00
10149,Marshall-Miller,Ann Kennedy,suttonamber@edwards.com,678.679.5654x4209,792 Diana Highway,West Toddberg,NY,Bangladesh,Net 45,3.2,2021-04-19 09:45:00
10150,York LLC,Luis Hill,alexis19@kent.com,+1-475-924-3728x0512,3723 Brown Greens Apt. 027,Alvarezfort,WA,South Korea,2/10 Net 30,4.6,2020-05-25 21:14:00
